<?xml version="1.0" encoding="UTF-8"?>
<project-private xmlns="http://www.netbeans.org/ns/project-private/1">
    <editor-bookmarks xmlns="http://www.netbeans.org/ns/editor-bookmarks/2" lastBookmarkId="0"/>
    <open-files xmlns="http://www.netbeans.org/ns/projectui-open-files/2">
        <group>
            <file>file:/C:/Users/LabUser/Desktop/c195_JC_Final/src/c195/c195.java</file>
            <file>file:/C:/Users/LabUser/Desktop/c195_JC_Final/src/controllers/AddCustomerController.java</file>
            <file>file:/C:/Users/LabUser/Desktop/c195_JC_Final/src/controllers/C195JFXController.java</file>
            <file>file:/C:/Users/LabUser/Desktop/c195_JC_Final/src/controllers/AddAppointmentController.java</file>
            <file>file:/C:/Users/LabUser/Desktop/c195_JC_Final/src/controllers/UpdateCustomerController.java</file>
            <file>file:/C:/Users/LabUser/Desktop/c195_JC_Final/src/view/UpdateCustomer.fxml</file>
            <file>file:/C:/Users/LabUser/Desktop/c195_JC_Final/src/utils/DBConnection.java</file>
            <file>file:/C:/Users/LabUser/Desktop/c195_JC_Final/src/controllers/DashboardController.java</file>
            <file>file:/C:/Users/LabUser/Desktop/c195_JC_Final/src/controllers/UpdateAppointmentController.java</file>
        </group>
    </open-files>
</project-private>
