<?xml version="1.0" encoding="UTF-8"?>
<project-private xmlns="http://www.netbeans.org/ns/project-private/1">
    <editor-bookmarks xmlns="http://www.netbeans.org/ns/editor-bookmarks/2" lastBookmarkId="0"/>
    <open-files xmlns="http://www.netbeans.org/ns/projectui-open-files/2">
        <group>
            <file>file:/C:/Users/joech/Desktop/c195_JC_Final/src/view/Dashboard.fxml</file>
            <file>file:/C:/Users/joech/Desktop/c195_JC_Final/src/utils/FileLogger.java</file>
            <file>file:/C:/Users/joech/Desktop/c195_JC_Final/src/view/UpdateCustomer.fxml</file>
            <file>file:/C:/Users/joech/Desktop/c195_JC_Final/src/models/User.java</file>
            <file>file:/C:/Users/joech/Desktop/c195_JC_Final/src/models/Division.java</file>
            <file>file:/C:/Users/joech/Desktop/c195_JC_Final/src/view/ReportScreen.fxml</file>
            <file>file:/C:/Users/joech/Desktop/c195_JC_Final/src/view/AddAppointment.fxml</file>
            <file>file:/C:/Users/joech/Desktop/c195_JC_Final/src/view/UpdateAppointment.fxml</file>
            <file>file:/C:/Users/joech/Desktop/c195_JC_Final/src/utils/LoginActivityLogger.java</file>
            <file>file:/C:/Users/joech/Desktop/c195_JC_Final/src/view/LoginForm.fxml</file>
            <file>file:/C:/Users/joech/Desktop/c195_JC_Final/src/controllers/AddAppointmentController.java</file>
            <file>file:/C:/Users/joech/Desktop/c195_JC_Final/src/models/Appointment.java</file>
            <file>file:/C:/Users/joech/Desktop/c195_JC_Final/src/view/AddCustomer.fxml</file>
            <file>file:/C:/Users/joech/Desktop/c195_JC_Final/src/controllers/UpdateCustomerController.java</file>
            <file>file:/C:/Users/joech/Desktop/c195_JC_Final/src/controllers/DashboardController.java</file>
            <file>file:/C:/Users/joech/Desktop/c195_JC_Final/src/utils/Translation.java</file>
            <file>file:/C:/Users/joech/Desktop/c195_JC_Final/src/utils/DBConnection.java</file>
            <file>file:/C:/Users/joech/Desktop/c195_JC_Final/src/controllers/ReportScreenController.java</file>
            <file>file:/C:/Users/joech/Desktop/c195_JC_Final/src/controllers/LoginController.java</file>
            <file>file:/C:/Users/joech/Desktop/c195_JC_Final/src/models/Customer.java</file>
            <file>file:/C:/Users/joech/Desktop/c195_JC_Final/src/models/Country.java</file>
            <file>file:/C:/Users/joech/Desktop/c195_JC_Final/src/controllers/AddCustomerController.java</file>
            <file>file:/C:/Users/joech/Desktop/c195_JC_Final/src/controllers/C195JFXController.java</file>
            <file>file:/C:/Users/joech/Desktop/c195_JC_Final/src/controllers/UpdateAppointmentController.java</file>
            <file>file:/C:/Users/joech/Desktop/c195_JC_Final/src/view/CustomerForm.fxml</file>
        </group>
    </open-files>
</project-private>
